"catalyst","batch","time","time_pred","time_resid"
"1","1",73,72.25,0.749999999999996
"1","2",74,74.375,-0.374999999999998
"1","4",71,71.375,-0.374999999999998
"2","2",75,74.625,0.375
"2","3",67,67.75,-0.749999999999999
"2","4",72,71.625,0.375
"3","1",73,72.875,0.125000000000001
"3","2",75,75,-1.38223579717461e-15
"3","3",68,68.125,-0.125
"4","1",75,75.875,-0.874999999999998
"4","3",72,71.125,0.875
"4","4",75,75,-1.49325809963713e-15
